CVID,Horas,Uso
700051,8,PST
700052,8,PST
700053,8,PST
700054,8,PST
700055,8,PST
700056,8,PST
700057,8,PST
700058,8,PST
700059,8,PST
700060,8,PST
700061,8,PST
700062,8,PST
700063,8,PST
700064,8,PST
700065,8,PST
700066,8,PST
700067,8,PST
700068,8,PST
700069,8,PST
700070,8,PST
700071,8,PST
700072,8,PST
700073,8,PST
701110,8,PST
701111,8,PST
701112,8,PST
701113,8,PST
701114,8,PST
701115,8,PST
701116,8,PST
701117,8,PST
701118,8,PST
701119,8,PST
701120,8,PST
701121,8,PST
701122,8,PST
701123,8,PST
701124,8,PST
701125,8,PST
701126,8,PST
701127,8,PST
701128,8,PST
701129,8,PST
701130,8,PST
701131,8,PST
701132,8,PST
702169,8,PST
702170,8,PST
702171,8,PST
702172,8,PST
702173,8,PST
702174,8,PST
702175,8,PST
702176,8,PST
702177,8,PST
702178,8,PST
702179,8,PST
702180,8,PST
702181,8,PST
702182,8,PST
702183,8,PST
702184,8,PST
702185,8,PST
702186,8,PST
702187,8,PST
702188,8,PST
702189,8,PST
702190,8,PST
702191,8,PST
703228,8,PST
703229,8,PST
703230,8,PST
703231,8,PST
703232,8,PST
703233,8,PST
703234,8,PST
703235,8,PST
703236,8,PST
703237,8,PST
703238,8,PST
703239,8,PST
703240,8,PST
703241,8,PST
703242,8,PST
703243,8,PST
703244,8,PST
703245,8,PST
703246,8,PST
703247,8,PST
703248,8,PST
703249,8,PST
703250,8,PST
704287,8,PST
704288,8,PST
704289,8,PST
704290,8,PST
704291,8,PST
704292,8,PST
704293,8,PST
704294,8,PST
704295,8,PST
704296,8,PST
704297,8,PST
704298,8,PST
704299,8,PST
704300,8,PST
704301,8,PST
704302,8,PST
704303,8,PST
704304,8,PST
704305,8,PST
704306,8,PST
704307,8,PST
704308,8,PST
704309,8,PST
705346,8,PST
705347,8,PST
705348,8,PST
705349,8,PST
705350,8,PST
705351,8,PST
705352,8,PST
705353,8,PST
705354,8,PST
705355,8,PST
705356,8,PST
705357,8,PST
705358,8,PST
705359,8,PST
705360,8,PST
705361,8,PST
705362,8,PST
705363,8,PST
705364,8,PST
705365,8,PST
705366,8,PST
705367,8,PST
705368,8,PST
706405,8,PST
706406,8,PST
706407,8,PST
706408,8,PST
706409,8,PST
706410,8,PST
706411,8,PST
706412,8,PST
706413,8,PST
706414,8,PST
706415,8,PST
706416,8,PST
706417,8,PST
706418,8,PST
706419,8,PST
706420,8,PST
706421,8,PST
706422,8,PST
706423,8,PST
706424,8,PST
706425,8,PST
706426,8,PST
706427,8,PST
707464,8,PST
707465,8,PST
707466,8,PST
707467,8,PST
707468,8,PST
707469,8,PST
707470,8,PST
707471,8,PST
707472,8,PST
707473,8,PST
707474,8,PST
707475,8,PST
707476,8,PST
707477,8,PST
707478,8,PST
707479,8,PST
707480,8,PST
707481,8,PST
707482,8,PST
707483,8,PST
707484,8,PST
707485,8,PST
707486,8,PST
708523,8,PST
708524,8,PST
708525,8,PST
708526,8,PST
708527,8,PST
708528,8,PST
708529,8,PST
708530,8,PST
708531,8,PST
708532,8,PST
708533,8,PST
708534,8,PST
708535,8,PST
708536,8,PST
708537,8,PST
708538,8,PST
708539,8,PST
708540,8,PST
708541,8,PST
708542,8,PST
708543,8,PST
708544,8,PST
708545,8,PST
709582,8,PST
709583,8,PST
709584,8,PST
709585,8,PST
709586,8,PST
709587,8,PST
709588,8,PST
709589,8,PST
709590,8,PST
709591,8,PST
709592,8,PST
709593,8,PST
709594,8,PST
709595,8,PST
709596,8,PST
709597,8,PST
709598,8,PST
709599,8,PST
709600,8,PST
709601,8,PST
709602,8,PST
709603,8,PST
709604,8,PST
710641,8,PST
710642,8,PST
710643,8,PST
710644,8,PST
710645,8,PST
710646,8,PST
710647,8,PST
710648,8,PST
710649,8,PST
710650,8,PST
710651,8,PST
710652,8,PST
710653,8,PST
710654,8,PST
710655,8,PST
710656,8,PST
710657,8,PST
710658,8,PST
710659,8,PST
710660,8,PST
710661,8,PST
710662,8,PST
710663,8,PST
711700,8,PST
711701,8,PST
711702,8,PST
711703,8,PST
711704,8,PST
711705,8,PST
711706,8,PST
711707,8,PST
711708,8,PST
711709,8,PST
711710,8,PST
711711,8,PST
711712,8,PST
711713,8,PST
711714,8,PST
711715,8,PST
711716,8,PST
711717,8,PST
711718,8,PST
711719,8,PST
711720,8,PST
711721,8,PST
711722,8,PST
712759,8,PST
712760,8,PST
712761,8,PST
712762,8,PST
712763,8,PST
712764,8,PST
712765,8,PST
712766,8,PST
712767,8,PST
712768,8,PST
712769,8,PST
712770,8,PST
712771,8,PST
712772,8,PST
712773,8,PST
712774,8,PST
712775,8,PST
712776,8,PST
712777,8,PST
712778,8,PST
712779,8,PST
712780,8,PST
712781,8,PST
713818,8,PST
713819,8,PST
713820,8,PST
713821,8,PST
713822,8,PST
713823,8,PST
713824,8,PST
713825,8,PST
713826,8,PST
713827,8,PST
713828,8,PST
713829,8,PST
713830,8,PST
713831,8,PST
713832,8,PST
713833,8,PST
713834,8,PST
713835,8,PST
713836,8,PST
713837,8,PST
713838,8,PST
713839,8,PST
713840,8,PST
714877,8,PST
714878,8,PST
714879,8,PST
714880,8,PST
714881,8,PST
714882,8,PST
714883,8,PST
714884,8,PST
714885,8,PST
714886,8,PST
714887,8,PST
714888,8,PST
714889,8,PST
714890,8,PST
714891,8,PST
714892,8,PST
714893,8,PST
714894,8,PST
714895,8,PST
714896,8,PST
714897,8,PST
714898,8,PST
714899,8,PST
715936,8,PST
715937,8,PST
715938,8,PST
715939,8,PST
715940,8,PST
715941,8,PST
715942,8,PST
715943,8,PST
715944,8,PST
715945,8,PST
715946,8,PST
715947,8,PST
715948,8,PST
715949,8,PST
715950,8,PST
715951,8,PST
715952,8,PST
715953,8,PST
715954,8,PST
715955,8,PST
715956,8,PST
715957,8,PST
715958,8,PST
11037,8,PST
11038,8,PST
11039,8,PST
11040,8,PST
11041,8,PST
11042,8,PST
11043,8,PST
11044,8,PST
11045,8,PST
11046,8,PST
12000,8,PST
12001,8,PST
12002,8,PST
12003,8,PST
12004,8,PST
12005,8,PST
12006,8,PST
12007,8,PST
12008,8,PST
12009,8,PST
12010,8,PST
12011,8,PST
12012,8,PST
12013,8,PST
12014,8,PST
12015,8,PST
12016,8,PST
12017,8,PST
12018,8,PST
12019,8,PST
12020,8,PST
12021,8,PST
12022,8,PST
12023,8,PST
12024,8,PST
12025,8,PST
12026,8,PST
12027,8,PST
12028,8,PST
12029,8,PST
12030,8,PST
12031,8,PST
12032,8,PST
12033,8,PST
12034,8,PST
12035,8,PST
12036,8,PST
12037,8,PST
12038,8,PST
12039,8,PST
12040,8,PST
12041,8,PST
12042,8,PST
12043,8,PST
12044,8,PST
12045,8,PST
12046,8,PST
12047,8,PST
12048,8,PST
12049,8,PST
12050,8,PST
12051,8,PST
12052,8,PST
12053,8,PST
12054,8,PST
12055,8,PST
12056,8,PST
12057,8,PST
12058,8,PST
12059,8,PST
12060,8,PST
12061,8,PST
12062,8,PST
12063,8,PST
12064,8,PST
12065,8,PST
12066,8,PST
12067,8,PST
12068,8,PST
12069,8,PST
12070,8,PST
12071,8,PST
12072,8,PST
12073,8,PST
12074,8,PST
12075,8,PST
12076,8,PST
12077,8,PST
12078,8,PST
12079,8,PST
12080,8,PST
12081,8,PST
13000,8,PST
13001,8,PST
13002,8,PST
13003,8,PST
13004,8,PST
13005,8,PST
13006,8,PST
13007,8,PST
13008,8,PST
13009,8,PST
13010,8,PST
13011,8,PST
13012,8,PST
13013,8,PST
13014,8,PST
13015,8,PST
13016,8,PST
13017,8,PST
13018,8,PST
13019,8,PST
13020,8,PST
13021,8,PST
13022,8,PST
13023,8,PST
13024,8,PST
13025,8,PST
13026,8,PST
13027,8,PST
13028,8,PST
13029,8,PST
13030,8,PST
13031,8,PST
13032,8,PST
13033,8,PST
13034,8,PST
13035,8,PST
13036,8,PST
13037,8,PST
13038,8,PST
13039,8,PST
13040,8,PST
13041,8,PST
13042,8,PST
13043,8,PST
13044,8,PST
13045,8,PST
13046,8,PST
13047,8,PST
13048,8,PST
13049,8,PST
13050,8,PST
13051,8,PST
13052,8,PST
13053,8,PST
13054,8,PST
13055,8,PST
13056,8,PST
13057,8,PST
13058,8,PST
13059,8,PST
13060,8,PST
13061,8,PST
13062,8,PST
13063,8,PST
13064,8,PST
13065,8,PST
13066,8,PST
13067,8,PST
13068,8,PST
13069,8,PST
13070,8,PST
13071,8,PST
13072,8,PST
13073,8,PST
13074,8,PST
13075,8,PST
13076,8,PST
13077,8,PST
13078,8,PST
13079,8,PST
13080,8,PST
13081,8,PST
13082,8,PST
13083,8,PST
13084,8,PST
14000,8,PST
14001,8,PST
14002,8,PST
14003,8,PST
14004,8,PST
14005,8,PST
14006,8,PST
14007,8,PST
14008,8,PST
14009,8,PST
14010,8,PST
14011,8,PST
14012,8,PST
14013,8,PST
14014,8,PST
14015,8,PST
14016,8,PST
14017,8,PST
14018,8,PST
14019,8,PST
14020,8,PST
14021,8,PST
14022,8,PST
14023,8,PST
14024,8,PST
14025,8,PST
14026,8,PST
14027,8,PST
14028,8,PST
14029,8,PST
14030,8,PST
14031,8,PST
14032,8,PST
14033,8,PST
14034,8,PST
14035,8,PST
14036,8,PST
14037,8,PST
14038,8,PST
14039,8,PST
14040,8,PST
14041,8,PST
14042,8,PST
14043,8,PST
14044,8,PST
14045,8,PST
14046,8,PST
14047,8,PST
14048,8,PST
14049,8,PST
14050,8,PST
14051,8,PST
14052,8,PST
14053,8,PST
14054,8,PST
14055,8,PST
14056,8,PST
14057,8,PST
14058,8,PST
14059,8,PST
14060,8,PST
14061,8,PST
14062,8,PST
14063,8,PST
14064,8,PST
14065,8,PST
14066,8,PST
14067,8,PST
14068,8,PST
14069,8,PST
14070,8,PST
14071,8,PST
14072,8,PST
14073,8,PST
14074,8,PST
14075,8,PST
14076,8,PST
14077,8,PST
14078,8,PST
14079,8,PST
14080,8,PST
14081,8,PST
14082,8,PST
14083,8,PST
14084,8,PST
14085,8,PST
14086,8,PST
14087,8,PST
14088,8,PST
14089,8,PST
14090,8,PST
14091,8,PST
14092,8,PST
14093,8,PST
14094,8,PST
14095,8,PST
14096,8,PST
14097,8,PST
14098,8,PST
14099,8,PST
14100,8,PST
14101,8,PST
14102,8,PST
14103,8,PST
14104,8,PST
14105,8,PST
14106,8,PST
14107,8,PST
14108,8,PST
14109,8,PST
14110,8,PST
14111,8,PST
14112,8,PST
14113,8,PST
14114,8,PST
14115,8,PST
14116,8,PST
14117,8,PST
14118,8,PST
14119,8,PST
14120,8,PST
14121,8,PST
14122,8,PST
14123,8,PST
14124,8,PST
14125,8,PST
15000,8,PST
15001,8,PST
15002,8,PST
15003,8,PST
15004,8,PST
15005,8,PST
15006,8,PST
15007,8,PST
15008,8,PST
15009,8,PST
15010,8,PST
15011,8,PST
15012,8,PST
15013,8,PST
15014,8,PST
15015,8,PST
15016,8,PST
15017,8,PST
15018,8,PST
15019,8,PST
15020,8,PST
15021,8,PST
15022,8,PST
15023,8,PST
15024,8,PST
15025,8,PST
15026,8,PST
15027,8,PST
15028,8,PST
15029,8,PST
15030,8,PST
15031,8,PST
15032,8,PST
15033,8,PST
15034,8,PST
15035,8,PST
15036,8,PST
15037,8,PST
15038,8,PST
15039,8,PST
15040,8,PST
15041,8,PST
15042,8,PST
15043,8,PST
15044,8,PST
15045,8,PST
15046,8,PST
15047,8,PST
15048,8,PST
15049,8,PST
15050,8,PST
15051,8,PST
15052,8,PST
15053,8,PST
15054,8,PST
15055,8,PST
15056,8,PST
15057,8,PST
15058,8,PST
15059,8,PST
15060,8,PST
15061,8,PST
15062,8,PST
15063,8,PST
15064,8,PST
15065,8,PST
15066,8,PST
15067,8,PST
15068,8,PST
15069,8,PST
15070,8,PST
15071,8,PST
15072,8,PST
15073,8,PST
15074,8,PST
15075,8,PST
15076,8,PST
15077,8,PST
15078,8,PST
15079,8,PST
15080,8,PST
15081,8,PST
15082,8,PST
15083,8,PST
15084,8,PST
15085,8,PST
15086,8,PST
15087,8,PST
15088,8,PST
15089,8,PST
15090,8,PST
15091,8,PST
15092,8,PST
15093,8,PST
15094,8,PST
15095,8,PST
15096,8,PST
15097,8,PST
15098,8,PST
15099,8,PST
15100,8,PST
15101,8,PST
15102,8,PST
15103,8,PST
15104,8,PST
15105,8,PST
15106,8,PST
15107,8,PST
15108,8,PST
15109,8,PST
15110,8,PST
15111,8,PST
15112,8,PST
15113,8,PST
15114,8,PST
15115,8,PST
15116,8,PST
15117,8,PST
15118,8,PST
15119,8,PST
15120,8,PST
15121,8,PST
15122,8,PST
15123,8,PST
15124,8,PST
15125,8,PST
16000,8,PST
16001,8,PST
16002,8,PST
16003,8,PST
16004,8,PST
16005,8,PST
16006,8,PST
16007,8,PST
16008,8,PST
16009,8,PST
16010,8,PST
16011,8,PST
16012,8,PST
16013,8,PST
16014,8,PST
16015,8,PST
16016,8,PST
16017,8,PST
16018,8,PST
16019,8,PST
16020,8,PST
16021,8,PST
16022,8,PST
16023,8,PST
16024,8,PST
16025,8,PST
16026,8,PST
16027,8,PST
16028,8,PST
16029,8,PST
16030,8,PST
16031,8,PST
16032,8,PST
16033,8,PST
16034,8,PST
16035,8,PST
16036,8,PST
16037,8,PST
16038,8,PST
16039,8,PST
16040,8,PST
16041,8,PST
16042,8,PST
16043,8,PST
16044,8,PST
16045,8,PST
16046,8,PST
16047,8,PST
16048,8,PST
16049,8,PST
16050,8,PST
16051,8,PST
16052,8,PST
16053,8,PST
16054,8,PST
16055,8,PST
16056,8,PST
16057,8,PST
16058,8,PST
16059,8,PST
16060,8,PST
16061,8,PST
16062,8,PST
16063,8,PST
16064,8,PST
16065,8,PST
16066,8,PST
16067,8,PST
16068,8,PST
16069,8,PST
16070,8,PST
16071,8,PST
16072,8,PST
16073,8,PST
16074,8,PST
16075,8,PST
16076,8,PST
16077,8,PST
16078,8,PST
16079,8,PST
16080,8,PST
16081,8,PST
16082,8,PST
16083,8,PST
16084,8,PST
16085,8,PST
16086,8,PST
16087,8,PST
16088,8,PST
16089,8,PST
16090,8,PST
16091,8,PST
16092,8,PST
16093,8,PST
16094,8,PST
16095,8,PST
16096,8,PST
16097,8,PST
16098,8,PST
16099,8,PST
16100,8,PST
16101,8,PST
16102,8,PST
16103,8,PST
16104,8,PST
16105,8,PST
16106,8,PST
16107,8,PST
16108,8,PST
16109,8,PST
16110,8,PST
16111,8,PST
16112,8,PST
16113,8,PST
17000,8,PST
17001,8,PST
17002,8,PST
17003,8,PST
17004,8,PST
17005,8,PST
17006,8,PST
17007,8,PST
17008,8,PST
17009,8,PST
17010,8,PST
17011,8,PST
17012,8,PST
17013,8,PST
17014,8,PST
17015,8,PST
17016,8,PST
17017,8,PST
17018,8,PST
17019,8,PST
17020,8,PST
17021,8,PST
17022,8,PST
17023,8,PST
17024,8,PST
17025,8,PST
17026,8,PST
17027,8,PST
17028,8,PST
17029,8,PST
17030,8,PST
17031,8,PST
17032,8,PST
17033,8,PST
18000,8,PST
18001,8,PST
18002,8,PST
18003,8,PST
18004,8,PST
18005,8,PST
18006,8,PST
18007,8,PST
18008,8,PST
18009,8,PST
18010,8,PST
18011,8,PST
18012,8,PST
18013,8,PST
18014,8,PST
18015,8,PST
18016,8,PST
18017,8,PST
18018,8,PST
18019,8,PST
18020,8,PST
19000,8,PST
19001,8,PST
19002,8,PST
19003,8,PST
19004,8,PST
19005,8,PST
19006,8,PST
19007,8,PST
19008,8,PST
19009,8,PST
19010,8,PST
19011,8,PST
19012,8,PST
19013,8,PST
19014,8,PST
19015,8,PST
19016,8,PST
19017,8,PST
19018,8,PST
19019,8,PST
19020,8,PST
19021,8,PST
19022,8,PST
19023,8,PST
19024,8,PST
19025,8,PST
19026,8,PST
19027,8,PST
19028,8,PST
19029,8,PST
19030,8,PST
19031,8,PST
19032,8,PST
19033,8,PST
19034,8,PST
19035,8,PST
19036,8,PST
19037,8,PST
19038,8,PST
19039,8,PST
19040,8,PST
19041,8,PST
19042,8,PST
19043,8,PST
19044,8,PST
19045,8,PST
19046,8,PST
19047,8,PST
19048,8,PST
19049,8,PST
19050,8,PST
19051,8,PST
20000,8,PST
20001,8,PST
20002,8,PST
20003,8,PST
20004,8,PST
20005,8,PST
20006,8,PST
20007,8,PST
20008,8,PST
20009,8,PST
20010,8,PST
20011,8,PST
20012,8,PST
20013,8,PST
20014,8,PST
20015,8,PST
20016,8,PST
20017,8,PST
20018,8,PST
20019,8,PST
20020,8,PST
20021,8,PST
20022,8,PST
20023,8,PST
20024,8,PST
20025,8,PST
20026,8,PST
20027,8,PST
20028,8,PST
20029,8,PST
20030,8,PST
20031,8,PST
20032,8,PST
20033,8,PST
20034,8,PST
20035,8,PST
20036,8,PST
20037,8,PST
20038,8,PST
20039,8,PST
20040,8,PST
20041,8,PST
20042,8,PST
20043,8,PST
20044,8,PST
20045,8,PST
20046,8,PST
20047,8,PST
20048,8,PST
20049,8,PST
20050,8,PST
20051,8,PST
20052,8,PST
20053,8,PST
20054,8,PST
20055,8,PST
20056,8,PST
20057,8,PST
20058,8,PST
20059,8,PST
20060,8,PST
20061,8,PST
20062,8,PST
20063,8,PST
20064,8,PST
20065,8,PST
20066,8,PST
20067,8,PST
20068,8,PST
20069,8,PST
20070,8,PST
20071,8,PST
20072,8,PST
20073,8,PST
20074,8,PST
20075,8,PST
20076,8,PST
20077,8,PST
20078,8,PST
20079,8,PST
20080,8,PST
20081,8,PST
20082,8,PST
20083,8,PST
20084,8,PST
20085,8,PST
20086,8,PST
20087,8,PST
20088,8,PST
20089,8,PST
20090,8,PST
20091,8,PST
20092,8,PST
20093,8,PST
20094,8,PST
20095,8,PST
20096,8,PST
20097,8,PST
20098,8,PST
20099,8,PST
20100,8,PST
20101,8,PST
20102,8,PST
20103,8,PST
20104,8,PST
20105,8,PST
20106,8,PST
20107,8,PST
20108,8,PST
20109,8,PST
20110,8,PST
20111,8,PST
20112,8,PST
20113,8,PST
20114,8,PST
20115,8,PST
20116,8,PST
20117,8,PST
20118,8,PST
20119,8,PST
20120,8,PST
20121,8,PST
20122,8,PST
20123,8,PST
20124,8,PST
20125,8,PST
20126,8,PST
20127,8,PST
20128,8,PST
20129,8,PST
20130,8,PST
20131,8,PST
20132,8,PST
20133,8,PST
20134,8,PST
20135,8,PST
20136,8,PST
20137,8,PST
20138,8,PST
20139,8,PST
20140,8,PST
20141,8,PST
20142,8,PST
20143,8,PST
20144,8,PST
20145,8,PST
20146,8,PST
20147,8,PST
20148,8,PST
20149,8,PST
20150,8,PST
20151,8,PST
20152,8,PST
20153,8,PST
20154,8,PST
20155,8,PST
20156,8,PST
20157,8,PST
20158,8,PST
20159,8,PST
20160,8,PST
20161,8,PST
20162,8,PST
20163,8,PST
20164,8,PST
20165,8,PST
20166,8,PST
20167,8,PST
20168,8,PST
20169,8,PST
20170,8,PST
20171,8,PST
20172,8,PST
20173,8,PST
20174,8,PST
20175,8,PST
20176,8,PST
20177,8,PST
20178,8,PST
20179,8,PST
20180,8,PST
20181,8,PST
20182,8,PST
20183,8,PST
20184,8,PST
20185,8,PST
20186,8,PST
20187,8,PST
20188,8,PST
20189,8,PST
20190,8,PST
20191,8,PST
20192,8,PST
20193,8,PST
20194,8,PST
20195,8,PST
20196,8,PST
20197,8,PST
20198,8,PST
20199,8,PST
20200,8,PST
20201,8,PST
20202,8,PST
20203,8,PST
20204,8,PST
20205,8,PST
20206,8,PST
20207,8,PST
20208,8,PST
20209,8,PST
20210,8,PST
20211,8,PST
20212,8,PST
20213,8,PST
20214,8,PST
20215,8,PST
20216,8,PST
20217,8,PST
20218,8,PST
20219,8,PST
20220,8,PST
20221,8,PST
20222,8,PST
20223,8,PST
20224,8,PST
20225,8,PST
20226,8,PST
20227,8,PST
20228,8,PST
20229,8,PST
20230,8,PST
20231,8,PST
20232,8,PST
20233,8,PST
20234,8,PST
20235,8,PST
20236,8,PST
20237,8,PST
20238,8,PST
20239,8,PST
20240,8,PST
20241,8,PST
20242,8,PST
20243,8,PST
20244,8,PST
20245,8,PST
20246,8,PST
20247,8,PST
20248,8,PST
20249,8,PST
20250,8,PST
20251,8,PST
20252,8,PST
20253,8,PST
20254,8,PST
20255,8,PST
20256,8,PST
20257,8,PST
20258,8,PST
20259,8,PST
20260,8,PST
20261,8,PST
20262,8,PST
20263,8,PST
20264,8,PST
20265,8,PST
20266,8,PST
20267,8,PST
20268,8,PST
20269,8,PST
20270,8,PST
20271,8,PST
20272,8,PST
20273,8,PST
20274,8,PST
20275,8,PST
20276,8,PST
20277,8,PST
20278,8,PST
20279,8,PST
20280,8,PST
20281,8,PST
20282,8,PST
20283,8,PST
20284,8,PST
20285,8,PST
20286,8,PST
20287,8,PST
20288,8,PST
20289,8,PST
20290,8,PST
20291,8,PST
20292,8,PST
20293,8,PST
20294,8,PST
20295,8,PST
20296,8,PST
20297,8,PST
20298,8,PST
20299,8,PST
20300,8,PST
20301,8,PST
20302,8,PST
20303,8,PST
20304,8,PST
20305,8,PST
20306,8,PST
20307,8,PST
20308,8,PST
20309,8,PST
20310,8,PST
20311,8,PST
20312,8,PST
20313,8,PST
20314,8,PST
20315,8,PST
20316,8,PST
20317,8,PST
20318,8,PST
20319,8,PST
20320,8,PST
20321,8,PST
20322,8,PST
20323,8,PST
20324,8,PST
20325,8,PST
20326,8,PST
20327,8,PST
20328,8,PST
20329,8,PST
20330,8,PST
20331,8,PST
20332,8,PST
20333,8,PST
20334,8,PST
20335,8,PST
20336,8,PST
20337,8,PST
20338,8,PST
20339,8,PST
20340,8,PST
20341,8,PST
20342,8,PST
20343,8,PST
20344,8,PST
20345,8,PST
20346,8,PST
20347,8,PST
20348,8,PST
20349,8,PST
20350,8,PST
20351,8,PST
20352,8,PST
20353,8,PST
20354,8,PST
20355,8,PST
20356,8,PST
20357,8,PST
20358,8,PST
20359,8,PST
20360,8,PST
20361,8,PST
20362,8,PST
20363,8,PST
20364,8,PST
20365,8,PST
20366,8,PST
20367,8,PST
20368,8,PST
20369,8,PST
20370,8,PST
20371,8,PST
20372,8,PST
20373,8,PST
20374,8,PST
20375,8,PST
20376,8,PST
20377,8,PST
20378,8,PST
20379,8,PST
20380,8,PST
20381,8,PST
20382,8,PST
20383,8,PST
20384,8,PST
20385,8,PST
20386,8,PST
20387,8,PST
20388,8,PST
20389,8,PST
20390,8,PST
20391,8,PST
20392,8,PST
20393,8,PST
20394,8,PST
20395,8,PST
20396,8,PST
20397,8,PST
20398,8,PST
20399,8,PST
20400,8,PST
20401,8,PST
20402,8,PST
20403,8,PST
20404,8,PST
20405,8,PST
20406,8,PST
20407,8,PST
20408,8,PST
20409,8,PST
20410,8,PST
20411,8,PST
20412,8,PST
20413,8,PST
20414,8,PST
20415,8,PST
20416,8,PST
20417,8,PST
20418,8,PST
20419,8,PST
20420,8,PST
20421,8,PST
20422,8,PST
20423,8,PST
20424,8,PST
20425,8,PST
20426,8,PST
20427,8,PST
20428,8,PST
20429,8,PST
20430,8,PST
20431,8,PST
20432,8,PST
20433,8,PST
20434,8,PST
20435,8,PST
20436,8,PST
20437,8,PST
20438,8,PST
20439,8,PST
20440,8,PST
20441,8,PST
20442,8,PST
20443,8,PST
20444,8,PST
20445,8,PST
20446,8,PST
20447,8,PST
20448,8,PST
20449,8,PST
20450,8,PST
20451,8,PST
20452,8,PST
20453,8,PST
20454,8,PST
20455,8,PST
20456,8,PST
20457,8,PST
20458,8,PST
20459,8,PST
20460,8,PST
20461,8,PST
20462,8,PST
20463,8,PST
20464,8,PST
20465,8,PST
20466,8,PST
20467,8,PST
20468,8,PST
20469,8,PST
20470,8,PST
20471,8,PST
20472,8,PST
20473,8,PST
20474,8,PST
20475,8,PST
20476,8,PST
20477,8,PST
20478,8,PST
20479,8,PST
20480,8,PST
20481,8,PST
20482,8,PST
20483,8,PST
20484,8,PST
20485,8,PST
20486,8,PST
20487,8,PST
20488,8,PST
20489,8,PST
20490,8,PST
20491,8,PST
20492,8,PST
20493,8,PST
20494,8,PST
20495,8,PST
20496,8,PST
20497,8,PST
20498,8,PST
20499,8,PST
20500,8,PST
20501,8,PST
20502,8,PST
20503,8,PST
20504,8,PST
20505,8,PST
20506,8,PST
20507,8,PST
20508,8,PST
20509,8,PST
20510,8,PST
20511,8,PST
20512,8,PST
20513,8,PST
20514,8,PST
20515,8,PST
20516,8,PST
20517,8,PST
20518,8,PST
20519,8,PST
20520,8,PST
20521,8,PST
20522,8,PST
20523,8,PST
20524,8,PST
20525,8,PST
20526,8,PST
20527,8,PST
20528,8,PST
20529,8,PST
20530,8,PST
20531,8,PST
20532,8,PST
20533,8,PST
20534,8,PST
20535,8,PST
20536,8,PST
20537,8,PST
20538,8,PST
20539,8,PST
20540,8,PST
20541,8,PST
20542,8,PST
20543,8,PST
20544,8,PST
20545,8,PST
20546,8,PST
20547,8,PST
20548,8,PST
20549,8,PST
20550,8,PST
20551,8,PST
20552,8,PST
20553,8,PST
20554,8,PST
20555,8,PST
20556,8,PST
20557,8,PST
20558,8,PST
20559,8,PST
20560,8,PST
20561,8,PST
20562,8,PST
20563,8,PST
20564,8,PST
20565,8,PST
20566,8,PST
20567,8,PST
20568,8,PST
20569,8,PST
20570,8,PST
21000,8,PST
21001,8,PST
21002,8,PST
21003,8,PST
21004,8,PST
21005,8,PST
21006,8,PST
21007,8,PST
21008,8,PST
21009,8,PST
21010,8,PST
21011,8,PST
21012,8,PST
21013,8,PST
21014,8,PST
21015,8,PST
21016,8,PST
21017,8,PST
21018,8,PST
21019,8,PST
21020,8,PST
21021,8,PST
21022,8,PST
21023,8,PST
21024,8,PST
21025,8,PST
21026,8,PST
21027,8,PST
21028,8,PST
21029,8,PST
21030,8,PST
21031,8,PST
21032,8,PST
21033,8,PST
21034,8,PST
21035,8,PST
21036,8,PST
21037,8,PST
21038,8,PST
21039,8,PST
21040,8,PST
21041,8,PST
21042,8,PST
21043,8,PST
21044,8,PST
21045,8,PST
21046,8,PST
21047,8,PST
21048,8,PST
21049,8,PST
21050,8,PST
21051,8,PST
21052,8,PST
21053,8,PST
21054,8,PST
21055,8,PST
21056,8,PST
21057,8,PST
21058,8,PST
21059,8,PST
21060,8,PST
21061,8,PST
21062,8,PST
21063,8,PST
21064,8,PST
21065,8,PST
21066,8,PST
21067,8,PST
21068,8,PST
21069,8,PST
21070,8,PST
21071,8,PST
21072,8,PST
21073,8,PST
21074,8,PST
21075,8,PST
21076,8,PST
21077,8,PST
21078,8,PST
21079,8,PST
21080,8,PST
21081,8,PST
21082,8,PST
21083,8,PST
21084,8,PST
21085,8,PST
21086,8,PST
21087,8,PST
21088,8,PST
21089,8,PST
21090,8,PST
21091,8,PST
21092,8,PST
21093,8,PST
21094,8,PST
21095,8,PST
21096,8,PST
21097,8,PST
21098,8,PST
21099,8,PST
21100,8,PST
21101,8,PST
21102,8,PST
21103,8,PST
21104,8,PST
21105,8,PST
21106,8,PST
21107,8,PST
21108,8,PST
21109,8,PST
21110,8,PST
21111,8,PST
21112,8,PST
21113,8,PST
21114,8,PST
21115,8,PST
21116,8,PST
21117,8,PST
21118,8,PST
21119,8,PST
21120,8,PST
21121,8,PST
21122,8,PST
21123,8,PST
21124,8,PST
21125,8,PST
21126,8,PST
21127,8,PST
21128,8,PST
21129,8,PST
21130,8,PST
21131,8,PST
21132,8,PST
21133,8,PST
21134,8,PST
21135,8,PST
21136,8,PST
21137,8,PST
21138,8,PST
21139,8,PST
21140,8,PST
21141,8,PST
21142,8,PST
21143,8,PST
21144,8,PST
21145,8,PST
21146,8,PST
21147,8,PST
21148,8,PST
21149,8,PST
21150,8,PST
21151,8,PST
21152,8,PST
21153,8,PST
21154,8,PST
21155,8,PST
21156,8,PST
21157,8,PST
21158,8,PST
21159,8,PST
21160,8,PST
21161,8,PST
21162,8,PST
21163,8,PST
21164,8,PST
21165,8,PST
21166,8,PST
21167,8,PST
21168,8,PST
21169,8,PST
21170,8,PST
21171,8,PST
21172,8,PST
21173,8,PST
21174,8,PST
21175,8,PST
21176,8,PST
21177,8,PST
21178,8,PST
21179,8,PST
21180,8,PST
21181,8,PST
21182,8,PST
21183,8,PST
21184,8,PST
21185,8,PST
21186,8,PST
21187,8,PST
21188,8,PST
21189,8,PST
21190,8,PST
21191,8,PST
21192,8,PST
21193,8,PST
21194,8,PST
21195,8,PST
21196,8,PST
21197,8,PST
21198,8,PST
21199,8,PST
21200,8,PST
21201,8,PST
21202,8,PST
21203,8,PST
21204,8,PST
21205,8,PST
21206,8,PST
21207,8,PST
21208,8,PST
21209,8,PST
21210,8,PST
21211,8,PST
21212,8,PST
21213,8,PST
21214,8,PST
21215,8,PST
21216,8,PST
21217,8,PST
22000,8,PST
22001,8,PST
22002,8,PST
22003,8,PST
22004,8,PST
22005,8,PST
22006,8,PST
22007,8,PST
22008,8,PST
22009,8,PST
22010,8,PST
22011,8,PST
22012,8,PST
22013,8,PST
22014,8,PST
22015,8,PST
22016,8,PST
22017,8,PST
22018,8,PST
23000,8,PST
23001,8,PST
23002,8,PST
23003,8,PST
23004,8,PST
23005,8,PST
23006,8,PST
23007,8,PST
23008,8,PST
23009,8,PST
23010,8,PST
24000,8,PST
24001,8,PST
24002,8,PST
24003,8,PST
24004,8,PST
24005,8,PST
24006,8,PST
24007,8,PST
24008,8,PST
24009,8,PST
24010,8,PST
24011,8,PST
24012,8,PST
24013,8,PST
24014,8,PST
24015,8,PST
24016,8,PST
24017,8,PST
24018,8,PST
24019,8,PST
24020,8,PST
24021,8,PST
24022,8,PST
24023,8,PST
24024,8,PST
24025,8,PST
24026,8,PST
24027,8,PST
24028,8,PST
24029,8,PST
24030,8,PST
24031,8,PST
24032,8,PST
24033,8,PST
24034,8,PST
24035,8,PST
24036,8,PST
24037,8,PST
24038,8,PST
24039,8,PST
24040,8,PST
24041,8,PST
24042,8,PST
24043,8,PST
24044,8,PST
24045,8,PST
24046,8,PST
24047,8,PST
24048,8,PST
24049,8,PST
24050,8,PST
24051,8,PST
24052,8,PST
24053,8,PST
24054,8,PST
24055,8,PST
24056,8,PST
24057,8,PST
24058,8,PST
25000,8,PST
25001,8,PST
25002,8,PST
25003,8,PST
25004,8,PST
25005,8,PST
25006,8,PST
25007,8,PST
25008,8,PST
25009,8,PST
25010,8,PST
25011,8,PST
25012,8,PST
25013,8,PST
25014,8,PST
25015,8,PST
25016,8,PST
25017,8,PST
25018,8,PST
26000,8,PST
26001,8,PST
26002,8,PST
26003,8,PST
26004,8,PST
26005,8,PST
26006,8,PST
26007,8,PST
26008,8,PST
26009,8,PST
26010,8,PST
26011,8,PST
26012,8,PST
26013,8,PST
26014,8,PST
26015,8,PST
26016,8,PST
26017,8,PST
26018,8,PST
26019,8,PST
26020,8,PST
26021,8,PST
26022,8,PST
26023,8,PST
26024,8,PST
26025,8,PST
26026,8,PST
26027,8,PST
26028,8,PST
26029,8,PST
26030,8,PST
26031,8,PST
26032,8,PST
26033,8,PST
26034,8,PST
26035,8,PST
26036,8,PST
26037,8,PST
26038,8,PST
26039,8,PST
26040,8,PST
26041,8,PST
26042,8,PST
26043,8,PST
26044,8,PST
26045,8,PST
26046,8,PST
26047,8,PST
26048,8,PST
26049,8,PST
26050,8,PST
26051,8,PST
26052,8,PST
26053,8,PST
26054,8,PST
26055,8,PST
26056,8,PST
26057,8,PST
26058,8,PST
26059,8,PST
26060,8,PST
26061,8,PST
26062,8,PST
26063,8,PST
26064,8,PST
26065,8,PST
26066,8,PST
26067,8,PST
26068,8,PST
26069,8,PST
26070,8,PST
26071,8,PST
26072,8,PST
27000,8,PST
27001,8,PST
27002,8,PST
27003,8,PST
27004,8,PST
27005,8,PST
27006,8,PST
27007,8,PST
27008,8,PST
27009,8,PST
27010,8,PST
27011,8,PST
27012,8,PST
27013,8,PST
27014,8,PST
27015,8,PST
27016,8,PST
27017,8,PST
28000,8,PST
28001,8,PST
28002,8,PST
28003,8,PST
28004,8,PST
28005,8,PST
28006,8,PST
28007,8,PST
28008,8,PST
28009,8,PST
28010,8,PST
28011,8,PST
28012,8,PST
28013,8,PST
28014,8,PST
28015,8,PST
28016,8,PST
28017,8,PST
28018,8,PST
28019,8,PST
28020,8,PST
28021,8,PST
28022,8,PST
28023,8,PST
28024,8,PST
28025,8,PST
28026,8,PST
28027,8,PST
28028,8,PST
28029,8,PST
28030,8,PST
28031,8,PST
28032,8,PST
28033,8,PST
28034,8,PST
28035,8,PST
28036,8,PST
28037,8,PST
28038,8,PST
28039,8,PST
28040,8,PST
28041,8,PST
28042,8,PST
28043,8,PST
29000,8,PST
29001,8,PST
29002,8,PST
29003,8,PST
29004,8,PST
29005,8,PST
29006,8,PST
29007,8,PST
29008,8,PST
29009,8,PST
29010,8,PST
29011,8,PST
29012,8,PST
29013,8,PST
29014,8,PST
29015,8,PST
29016,8,PST
29017,8,PST
29018,8,PST
29019,8,PST
29020,8,PST
29021,8,PST
29022,8,PST
29023,8,PST
29024,8,PST
29025,8,PST
29026,8,PST
29027,8,PST
29028,8,PST
29029,8,PST
29030,8,PST
29031,8,PST
29032,8,PST
29033,8,PST
29034,8,PST
29035,8,PST
29036,8,PST
29037,8,PST
29038,8,PST
29039,8,PST
29040,8,PST
29041,8,PST
29042,8,PST
29043,8,PST
29044,8,PST
29045,8,PST
29046,8,PST
29047,8,PST
29048,8,PST
29049,8,PST
29050,8,PST
29051,8,PST
29052,8,PST
29053,8,PST
29054,8,PST
29055,8,PST
29056,8,PST
29057,8,PST
29058,8,PST
29059,8,PST
29060,8,PST
30000,8,PST
30001,8,PST
30002,8,PST
30003,8,PST
30004,8,PST
30005,8,PST
30006,8,PST
30007,8,PST
30008,8,PST
30009,8,PST
30010,8,PST
30011,8,PST
30012,8,PST
30013,8,PST
30014,8,PST
30015,8,PST
30016,8,PST
30017,8,PST
30018,8,PST
30019,8,PST
30020,8,PST
30021,8,PST
30022,8,PST
30023,8,PST
30024,8,PST
30025,8,PST
30026,8,PST
30027,8,PST
30028,8,PST
30029,8,PST
30030,8,PST
30031,8,PST
30032,8,PST
30033,8,PST
30034,8,PST
30035,8,PST
30036,8,PST
30037,8,PST
30038,8,PST
30039,8,PST
30040,8,PST
30041,8,PST
30042,8,PST
30043,8,PST
30044,8,PST
30045,8,PST
30046,8,PST
30047,8,PST
30048,8,PST
30049,8,PST
30050,8,PST
30051,8,PST
30052,8,PST
30053,8,PST
30054,8,PST
30055,8,PST
30056,8,PST
30057,8,PST
30058,8,PST
30059,8,PST
30060,8,PST
30061,8,PST
30062,8,PST
30063,8,PST
30064,8,PST
30065,8,PST
30066,8,PST
30067,8,PST
30068,8,PST
30069,8,PST
30070,8,PST
30071,8,PST
30072,8,PST
30073,8,PST
30074,8,PST
30075,8,PST
30076,8,PST
30077,8,PST
30078,8,PST
30079,8,PST
30080,8,PST
30081,8,PST
30082,8,PST
30083,8,PST
30084,8,PST
30085,8,PST
30086,8,PST
30087,8,PST
30088,8,PST
30089,8,PST
30090,8,PST
30091,8,PST
30092,8,PST
30093,8,PST
30094,8,PST
30095,8,PST
30096,8,PST
30097,8,PST
30098,8,PST
30099,8,PST
30100,8,PST
30101,8,PST
30102,8,PST
30103,8,PST
30104,8,PST
30105,8,PST
30106,8,PST
30107,8,PST
30108,8,PST
30109,8,PST
30110,8,PST
30111,8,PST
30112,8,PST
30113,8,PST
30114,8,PST
30115,8,PST
30116,8,PST
30117,8,PST
30118,8,PST
30119,8,PST
30120,8,PST
30121,8,PST
30122,8,PST
30123,8,PST
30124,8,PST
30125,8,PST
30126,8,PST
30127,8,PST
30128,8,PST
30129,8,PST
30130,8,PST
30131,8,PST
30132,8,PST
30133,8,PST
30134,8,PST
30135,8,PST
30136,8,PST
30137,8,PST
30138,8,PST
30139,8,PST
30140,8,PST
30141,8,PST
30142,8,PST
30143,8,PST
30144,8,PST
30145,8,PST
30146,8,PST
30147,8,PST
30148,8,PST
30149,8,PST
30150,8,PST
30151,8,PST
30152,8,PST
30153,8,PST
30154,8,PST
30155,8,PST
30156,8,PST
30157,8,PST
30158,8,PST
30159,8,PST
30160,8,PST
30161,8,PST
30162,8,PST
30163,8,PST
30164,8,PST
30165,8,PST
30166,8,PST
30167,8,PST
30168,8,PST
30169,8,PST
30170,8,PST
30171,8,PST
30172,8,PST
30173,8,PST
30174,8,PST
30175,8,PST
30176,8,PST
30177,8,PST
30178,8,PST
30179,8,PST
30180,8,PST
30181,8,PST
30182,8,PST
30183,8,PST
30184,8,PST
30185,8,PST
30186,8,PST
30187,8,PST
30188,8,PST
30189,8,PST
30190,8,PST
30191,8,PST
30192,8,PST
30193,8,PST
30194,8,PST
30195,8,PST
30196,8,PST
30197,8,PST
30198,8,PST
30199,8,PST
30200,8,PST
30201,8,PST
30202,8,PST
30203,8,PST
30204,8,PST
30205,8,PST
30206,8,PST
30207,8,PST
30208,8,PST
30209,8,PST
30210,8,PST
30211,8,PST
30212,8,PST
31000,8,PST
31001,8,PST
31002,8,PST
31003,8,PST
31004,8,PST
31005,8,PST
31006,8,PST
31007,8,PST
31008,8,PST
31009,8,PST
31010,8,PST
31011,8,PST
31012,8,PST
31013,8,PST
31014,8,PST
31015,8,PST
31016,8,PST
31017,8,PST
31018,8,PST
31019,8,PST
31020,8,PST
31021,8,PST
31022,8,PST
31023,8,PST
31024,8,PST
31025,8,PST
31026,8,PST
31027,8,PST
31028,8,PST
31029,8,PST
31030,8,PST
31031,8,PST
31032,8,PST
31033,8,PST
31034,8,PST
31035,8,PST
31036,8,PST
31037,8,PST
31038,8,PST
31039,8,PST
31040,8,PST
31041,8,PST
31042,8,PST
31043,8,PST
31044,8,PST
31045,8,PST
31046,8,PST
31047,8,PST
31048,8,PST
31049,8,PST
31050,8,PST
31051,8,PST
31052,8,PST
31053,8,PST
31054,8,PST
31055,8,PST
31056,8,PST
31057,8,PST
31058,8,PST
31059,8,PST
31060,8,PST
31061,8,PST
31062,8,PST
31063,8,PST
31064,8,PST
31065,8,PST
31066,8,PST
31067,8,PST
31068,8,PST
31069,8,PST
31070,8,PST
31071,8,PST
31072,8,PST
31073,8,PST
31074,8,PST
31075,8,PST
31076,8,PST
31077,8,PST
31078,8,PST
31079,8,PST
31080,8,PST
31081,8,PST
31082,8,PST
31083,8,PST
31084,8,PST
31085,8,PST
31086,8,PST
31087,8,PST
31088,8,PST
31089,8,PST
31090,8,PST
31091,8,PST
31092,8,PST
31093,8,PST
31094,8,PST
31095,8,PST
31096,8,PST
31097,8,PST
31098,8,PST
31099,8,PST
31100,8,PST
31101,8,PST
31102,8,PST
31103,8,PST
31104,8,PST
31105,8,PST
31106,8,PST
32000,8,PST
32001,8,PST
32002,8,PST
32003,8,PST
32004,8,PST
32005,8,PST
32006,8,PST
32007,8,PST
32008,8,PST
32009,8,PST
32010,8,PST
32011,8,PST
32012,8,PST
32013,8,PST
32014,8,PST
32015,8,PST
32016,8,PST
32017,8,PST
32018,8,PST
32019,8,PST
32020,8,PST
32021,8,PST
32022,8,PST
32023,8,PST
32024,8,PST
32025,8,PST
32026,8,PST
32027,8,PST
32028,8,PST
32029,8,PST
32030,8,PST
32031,8,PST
32032,8,PST
32033,8,PST
32034,8,PST
32035,8,PST
32036,8,PST
32037,8,PST
32038,8,PST
32039,8,PST
32040,8,PST
32041,8,PST
32042,8,PST
32043,8,PST
32044,8,PST
32045,8,PST
32046,8,PST
32047,8,PST
32048,8,PST
32049,8,PST
32050,8,PST
32051,8,PST
32052,8,PST
32053,8,PST
32054,8,PST
32055,8,PST
32056,8,PST
32057,8,PST
32058,8,PST
